cluster_id,rank,term,tfidf_centroid_weight
0,1,movie,0.0777
0,2,like,0.0406
0,3,just,0.0406
0,4,bad,0.0388
0,5,good,0.0361
0,6,really,0.0338
0,7,film,0.0331
0,8,movies,0.033
0,9,don,0.032
0,10,watch,0.0278
0,11,time,0.0274
0,12,think,0.0261
0,13,acting,0.0259
0,14,people,0.025
0,15,seen,0.0246
1,1,film,0.0507
1,2,movie,0.0288
1,3,story,0.0255
1,4,like,0.0234
1,5,great,0.0227
1,6,time,0.0217
1,7,good,0.0214
1,8,just,0.0203
1,9,films,0.0189
1,10,life,0.0188
1,11,best,0.0186
1,12,love,0.018
1,13,characters,0.0173
1,14,man,0.0172
1,15,character,0.017
