slang,formal
u,you
ur,your
urs,yours
r,are
bcoz,because
bcuz,because
bcz,because
cuz,because
cause,because
cos,because
dm,direct message
idk,i do not know
tbh,to be honest
imo,in my opinion
imho,in my humble opinion
btw,by the way
omg,oh my god
fyi,for your information
rn,right now
np,no problem
yw,you are welcome
pls,please
plz,please
thx,thanks
ty,thank you
tysm,thank you so much
wanna,want to
gonna,going to
gotta,got to
kinda,kind of
dunno,do not know
lemme,let me
gimme,give me
imma,i am going to
dont,do not
doesnt,does not
didnt,did not
wont,will not
cant,cannot
couldnt,could not
shouldnt,should not
wouldnt,would not
isnt,is not
arent,are not
wasnt,was not
werent,were not
hasnt,has not
havent,have not
hadnt,had not
aint,is not
yall,you all
theyre,they are
weve,we have
youve,you have
ive,i have
theyve,they have
ill,i will
youll,you will
theyll,they will
hell,he will
shell,she will
thats,that is
whats,what is
whos,who is
wheres,where is
hows,how is
theres,there is
heres,here is
lets,let us
psu,power supply unit
lmg,linus media group
ltt,linus tech tips
gpu,graphics processing unit
cpu,central processing unit
fps,frames per second
ram,random access memory
os,operating system
app,application
apps,applications
yt,youtube
vid,video
vids,videos
sub,subscribe
subs,subscribers
fav,favorite
prob,probably
diff,difference
tech,technology
govt,government
pic,picture
pics,pictures
doc,document
msg,message
info,information
sec,second
mins,minutes
hrs,hours
yr,year
yrs,years
pos,point of sale
qr,quick response
adc,analog to digital converter
adcs,analog to digital converters
